<?xml version="1.0" encoding="UTF-8"?>
<LightningComponentBundle xmlns="http://soap.sforce.com/2006/04/metadata">
    <apiVersion>50.0</apiVersion>
    <description>This component explains Meta configuration</description>
    <isExposed>true</isExposed>
    <masterLabel>Meta Config Demo</masterLabel>
    <targets>
        <target>lightning__AppPage</target>
        <target>lightning__RecordPage</target>
        <target>lightning__HomePage</target>
    </targets>
    <targetConfigs>
        <targetConfig targets="lightning__RecordPage">
            <property name="recordId" type="String"/>
            <property name="heading" type="String" default="Meta Config in LWC"/>
            <objects>
                <object>Account</object>
            </objects>
        </targetConfig>
        <targetConfig targets="lightning__AppPage">
            <property name="heading" type="String" default="Meta Config in LWC"/>
            <property name="age" type="Integer" min="5" max="10" default="7"/>
            <property name="levels" label="Level" type="String" datasource="High, Medium, Low" default="High"/>
        </targetConfig>
    </targetConfigs>
</LightningComponentBundle>